client_id,first_name,last_name,email,phone,client_type,created_date
1,Amy,Smith,lyoung@example.net,776-719-9038,landlord,2024-06-21
2,Christine,Grant,brandonhernandez@example.net,502-099-4510,buyer,2023-10-02
3,Robert,Thompson,cheryl99@example.net,279-501-4556,renter,2023-07-30
4,Katherine,Bridges,carterdennis@example.net,458-683-3901,landlord,2025-09-19
5,Jessica,Fuller,webbhaley@example.net,469-548-9952,buyer,2025-11-25
6,Anna,Stone,lvasquez@example.net,343-010-7139,buyer,2025-01-19
7,Robert,Cook,alexharris@example.com,414-488-5015,buyer,2024-09-27
8,Randy,Carroll,collierjames@example.com,770-272-7857,buyer,2025-01-18
9,Sarah,Brown,annette58@example.net,039-551-2405,renter,2024-11-18
10,Courtney,Kirby,hlopez@example.com,504-617-3574,landlord,2024-03-16
11,Alicia,Thompson,kristen31@example.com,807-823-5784,landlord,2024-09-05
12,Douglas,Wiggins,jamiejohnson@example.com,810-409-1570,buyer,2023-09-23
13,Abigail,Hopkins,andrew43@example.com,334-485-7142,landlord,2023-12-16
14,Joshua,Smith,clarkmichael@example.com,424-932-1495,seller,2025-08-02
15,Scott,Anderson,dberger@example.org,601-662-9979,buyer,2024-10-19
16,Larry,Roth,beltrankatelyn@example.com,921-717-4773,landlord,2024-03-28
17,Douglas,Huang,roberta62@example.net,557-701-7157,landlord,2025-04-01
18,Megan,Campbell,cassandra28@example.org,615-814-8769,landlord,2025-01-17
19,John,Sanchez,terrireyes@example.com,396-695-8321,landlord,2025-09-23
20,Mary,Wilson,gnguyen@example.com,246-191-9657,buyer,2026-01-11
21,Donna,Davis,paigeberger@example.net,022-784-6997,renter,2024-02-13
22,Jamie,Rich,ashley46@example.net,519-098-6240,buyer,2024-11-09
23,Rachel,Faulkner,warnerlori@example.com,140-369-6566,landlord,2024-11-28
24,Ryan,Clark,thomaslopez@example.com,562-422-0102,renter,2025-05-11
25,Diane,Proctor,christophermay@example.com,796-927-8687,seller,2024-12-03
26,Michael,Lopez,lanemelanie@example.org,846-895-0097,buyer,2026-04-14
27,Miguel,Carpenter,thomasjessica@example.com,781-891-3718,buyer,2025-10-02
28,Larry,Brown,amanda07@example.com,879-565-4420,buyer,2026-03-30
29,Sandra,Curry,bryan79@example.org,904-904-7128,buyer,2023-08-13
30,Melissa,Ramirez,christinahill@example.com,019-292-7524,seller,2026-04-08
31,Joel,White,cooperchristopher@example.org,927-663-7239,seller,2024-10-03
32,Brian,Baker,williamssteven@example.com,478-366-7428,renter,2025-02-19
33,Alexander,Ho,ureyes@example.net,018-569-4544,renter,2023-09-15
34,Jonathan,Silva,vmejia@example.org,938-525-8001,landlord,2023-05-04
35,Robert,Fox,ubell@example.com,430-091-0939,landlord,2026-01-01
36,David,Rosario,gatesdavid@example.net,921-244-7174,landlord,2025-02-07
37,Heather,Contreras,jonathan14@example.org,665-044-2717,seller,2024-02-21
38,Chelsey,White,irodriguez@example.com,391-741-0119,seller,2024-05-09
39,Kimberly,Smith,ohernandez@example.org,064-256-9087,seller,2025-04-27
40,Ryan,Anthony,fernandezaaron@example.net,719-855-4601,buyer,2024-11-03
41,Amanda,Woodward,randallkathleen@example.com,328-063-4615,buyer,2025-05-10
42,Christopher,Chen,donaldlee@example.net,937-618-4787,seller,2023-05-11
43,Benjamin,Brown,sullivanjason@example.net,878-293-1027,renter,2026-01-25
44,Andrew,Meadows,sanchezdeborah@example.org,204-179-2911,landlord,2023-10-10
45,Tyler,Lloyd,bryanharris@example.com,651-982-5309,renter,2024-01-10
46,Matthew,Martinez,katherinejackson@example.com,827-390-2196,renter,2023-12-17
47,Alexis,Tucker,smithsara@example.net,946-723-2487,seller,2025-01-15
48,John,Thompson,carlsonjennifer@example.net,145-608-3318,seller,2023-09-11
49,Christine,Huffman,stevensims@example.org,403-127-7220,landlord,2023-07-08
50,Deanna,Mitchell,nking@example.com,010-822-0781,renter,2023-08-04
51,Richard,Gonzalez,richard.gonzalez.51@gmail.com,332-146-8819,buyer,2025-04-07
52,Tracy,Fisher,tracy.fisher.52@hotmail.com,935-632-7295,buyer,2025-02-18
53,Christopher,Moran,christopher.moran.53@hotmail.com,175-604-8063,buyer,2024-02-14
54,Michael,Fitzpatrick,michael.fitzpatrick.54@gmail.com,783-970-5232,buyer,2024-01-02
55,Julie,Alexander,julie.alexander.55@gmail.com,820-102-7616,buyer,2024-04-16
56,Crystal,Thomas,crystal.thomas.56@hotmail.com,065-286-3037,buyer,2024-05-23
57,Jonathan,Powell,jonathan.powell.57@gmail.com,570-292-9611,buyer,2023-09-30
58,David,Phillips,david.phillips.58@gmail.com,623-857-3415,buyer,2023-06-27
59,Jacob,Jones,jacob.jones.59@yahoo.com,090-536-6566,buyer,2024-05-29
60,Robert,Watson,robert.watson.60@gmail.com,205-673-4341,buyer,2025-02-23
61,Morgan,Le,morgan.le.61@gmail.com,364-717-6418,buyer,2025-12-23
62,Kelly,Cohen,kelly.cohen.62@yahoo.com,782-464-6924,buyer,2026-01-08
63,Nicholas,Gregory,nicholas.gregory.63@hotmail.com,736-535-0543,buyer,2023-07-03
64,Patricia,Contreras,patricia.contreras.64@hotmail.com,463-656-0188,buyer,2025-09-29
65,James,Boyd,james.boyd.65@hotmail.com,287-346-7889,buyer,2024-02-13
66,Katrina,Rivas,katrina.rivas.66@hotmail.com,430-141-9006,buyer,2025-05-13
67,Kevin,Arellano,kevin.arellano.67@hotmail.com,994-316-6247,buyer,2024-03-19
68,Mark,Humphrey,mark.humphrey.68@yahoo.com,668-254-3479,buyer,2025-02-04
69,Megan,Lyons,megan.lyons.69@gmail.com,797-218-3780,buyer,2025-03-05
70,Danny,Hogan,danny.hogan.70@gmail.com,509-840-9564,buyer,2024-03-11
71,Gabriel,Chapman,gabriel.chapman.71@gmail.com,600-583-8427,buyer,2023-11-08
72,Brian,Hampton,brian.hampton.72@gmail.com,317-244-5183,buyer,2025-08-03
73,Kimberly,Thompson,kimberly.thompson.73@yahoo.com,811-222-8108,buyer,2024-01-02
74,Deborah,Jackson,deborah.jackson.74@hotmail.com,399-925-0563,buyer,2026-03-07
75,Kyle,Rodgers,kyle.rodgers.75@gmail.com,780-361-3979,buyer,2024-11-24
76,Morgan,Miller,morgan.miller.76@gmail.com,275-459-0960,buyer,2023-06-19
77,Kevin,Moore,kevin.moore.77@gmail.com,484-417-6105,buyer,2025-12-18
78,Frank,Sutton,frank.sutton.78@yahoo.com,506-493-8204,buyer,2023-06-29
79,Joanne,Barnes,joanne.barnes.79@hotmail.com,328-603-3429,buyer,2025-08-18
80,Clifford,Smith,clifford.smith.80@gmail.com,322-404-2962,buyer,2024-10-09
81,Aaron,Schneider,aaron.schneider.81@hotmail.com,671-293-5627,buyer,2025-04-04
82,Sabrina,Davis,sabrina.davis.82@hotmail.com,239-731-6932,buyer,2023-03-29
83,Dennis,Rojas,dennis.rojas.83@gmail.com,242-888-1338,buyer,2024-07-05
84,Jeremy,Bush,jeremy.bush.84@yahoo.com,881-345-9573,buyer,2026-02-16
85,Collin,Burton,collin.burton.85@gmail.com,605-304-2440,buyer,2023-01-16
86,Barbara,Phillips,barbara.phillips.86@hotmail.com,512-562-4843,buyer,2025-05-20
87,Shaun,Harding,shaun.harding.87@gmail.com,532-916-0556,buyer,2024-02-22
88,John,Hernandez,john.hernandez.88@gmail.com,002-335-9410,buyer,2025-01-12
89,Ryan,Sandoval,ryan.sandoval.89@gmail.com,576-868-4551,buyer,2025-12-30
90,Joshua,Sanchez,joshua.sanchez.90@gmail.com,345-914-4993,buyer,2023-06-15
91,Jason,Ortega,jason.ortega.91@hotmail.com,094-161-0477,renter,2025-08-04
92,Ronald,Noble,ronald.noble.92@yahoo.com,839-814-6319,renter,2025-11-28
93,Sara,Chavez,sara.chavez.93@yahoo.com,591-009-1263,renter,2024-02-10
94,Rodney,Alvarado,rodney.alvarado.94@hotmail.com,900-153-3106,renter,2025-08-05
95,Maria,Koch,maria.koch.95@gmail.com,242-614-2661,renter,2023-04-16
96,Chris,Fry,chris.fry.96@yahoo.com,424-109-1476,renter,2025-01-02
97,David,Roberts,david.roberts.97@yahoo.com,384-748-4274,renter,2023-09-22
98,Edward,Murphy,edward.murphy.98@gmail.com,839-598-1386,renter,2024-03-18
99,Kimberly,Berry,kimberly.berry.99@yahoo.com,691-061-6711,renter,2023-11-26
100,Adam,Booth,adam.booth.100@gmail.com,343-124-4283,renter,2025-06-23
101,Christopher,Rodriguez,christopher.rodriguez.101@gmail.com,346-580-7478,renter,2023-12-30
102,Christina,Robinson,christina.robinson.102@gmail.com,058-338-9672,renter,2025-10-27
103,Cassandra,Grant,cassandra.grant.103@hotmail.com,884-009-9522,renter,2023-12-27
104,Ryan,Jones,ryan.jones.104@yahoo.com,845-285-1840,renter,2023-03-17
105,Elizabeth,Cooper,elizabeth.cooper.105@gmail.com,202-176-6886,renter,2023-08-13
106,Nathan,May,nathan.may.106@yahoo.com,413-521-4105,renter,2023-02-17
107,Peter,Watkins,peter.watkins.107@hotmail.com,194-462-2240,renter,2023-12-17
108,Amy,Nichols,amy.nichols.108@gmail.com,368-824-4661,renter,2025-08-28
109,Mary,Reed,mary.reed.109@yahoo.com,371-743-8027,renter,2025-05-08
110,Lisa,Jones,lisa.jones.110@yahoo.com,825-801-0307,renter,2023-06-16
111,James,Warren,james.warren.111@yahoo.com,703-093-2622,renter,2025-05-21
112,Tara,Rangel,tara.rangel.112@hotmail.com,749-004-0039,renter,2023-06-26
113,Phillip,Watson,phillip.watson.113@yahoo.com,249-520-5958,renter,2023-10-20
114,Maureen,Estrada,maureen.estrada.114@hotmail.com,428-471-6649,renter,2024-09-26
115,Kevin,Smith,kevin.smith.115@gmail.com,043-202-8344,renter,2023-01-12
